"soc_uby","unitbox","unit","nest","year","exclude","fband","mband","fRFID","mRFID","fage","experiment","color","challenge","full_treatment","fbbright","fbase1","fstr1","fdex1","fbase2","fbase3","fstr3","fdex3","fbgluc1","fsgluc1","fbgluc2","fbgluc3","fsgluc3","fBUTY1","fBUTY2","fBUTY3","ci_date","comp_date","hatch_date","clutch","maxbrood","numd6","d6_bmass","d6_av_mass","numband","d12_av_mass","d12_av_hb","d12_av_wing","num_d15","d15_av_mass","numfled","fmass1","fwing1","fhb1","fmass2","fmass3","fwing3","fhb3","mmass","mwing","mhb","cap1","cap2","cap3","mcap","nest_fate","end_soc_date","fate_date","site_nest","predator","dull"
"2_124_2018","2_124",2,124,2018,"",272108041,272107503,"04198E75E0","041917B99C","ASY","color_challenge","Dull","Control","Dull_Control",58.4,2.5,24.9,10.7,2.4,1.9,19.1,6.9,248,208,163,201,212,0.48,0.36,NA,129,134,148,6,6,5,74,14.8,2,18.8,24.5,40,2,17.6,2,22,122,28.7,22,20,118,28.7,19.5,125,28.7,140,149,154,154,"Fledged",163,172,"Unit_2_124_2018","Control","Dull"
"2_22_2018","2_22",2,22,2018,"",272106635,263113739,"04198E5932","04186E9934","SY","color_challenge","Control","Control","Control_Control",57.7,2.5,35.7,7.4,1.3,5.8,46.4,9.3,237,332,242,203,NA,0.38,NA,NA,131,135,149,5,5,5,61,12.2,5,18.7,24.9,48.1,5,18,5,20,118,28.5,20,16.5,116.5,28.4,21.5,124,29,141,150,155,160,"Fledged",164,173,"Unit_2_22_2018","Control","Control"
"2_109_2018","2_109",2,109,2018,"",272107739,272107688,"04195973B5","04198E4E18","ASY","color_challenge","Control","Predator","Control_Predator",NA,0.1,18.4,9.2,0.5,1,25.9,13.6,273,270,265,198,233,0.53,NA,NA,129,134,149,6,5,4,42,10.5,2,19.3,22.5,35,2,17.9,2,18.5,109,28.2,18.5,16,109,28.1,19,121,28.7,140,150,155,155,"Fledged",164,173,"Unit_2_109_2018","Predation","Control"
"2_35_2019","2_35",2,35,2019,"",272107805,278171878,"04198E93C3","04198E5555","ASY","challenge_color","Predator","Dull","Dull_Predator",46.2,0.5,27.7,8.6,5.8,5.3,57.1,104.1,256,233,223,NA,188,NA,NA,NA,129,133,149,5,5,5,55,11,5,18.5,25.3,50,4,17.1,2,22,114.5,28.4,19.8,18,114,20.7,18.3,116,28.9,140,145,155,155,"Fledged",164,173,"Unit_2_35_2019","Predation","Dull"
"2_103_2019","2_103",2,103,2019,"",272107786,272106664,"04198E21F5","04198EAB87","ASY","challenge_color","Control","Control","Control_Control",43.8,3.7,20.5,9,1.1,2.6,31.1,35.3,178,203,186,237,245,NA,NA,NA,129,134,149,6,6,6,54,9,6,21.9,25.5,49.4,6,16.4,5,23,115.5,27.6,23.3,18.5,117,28,20,121,28.5,140,146,155,155,"Fledged",164,173,"Unit_2_103_2019","Control","Control"
"2_8_2018","2_8",2,8,2018,"",272106902,272107789,"04198EA7FC","04198E2C1D","SY","color_challenge","Dull","Control","Dull_Control",55.7,1.8,14,11.7,1.2,1.2,19.7,6.6,221,238,106,233,235,0.4,0.61,NA,132,137,151,6,5,4,37,9.3,4,22,25.3,48.8,3,18.8,3,21.5,119,28.8,20,18.3,117,28.5,20,119,28.7,143,153,158,157,"Fledged",166,175,"Unit_2_8_2018","Control","Dull"
"2_12_2018","2_12",2,12,2018,"",272107748,272107816,"0419599DAD","04198E15CA","ASY","color_challenge","Control","Control","Control_Control",58.6,13,7.1,8.7,0.7,1.8,14.5,9.5,204,250,222,205,292,NA,NA,NA,132,137,151,6,6,6,63,10.5,6,21.4,25.4,57.4,6,16.3,6,21.5,123.5,29.3,22,19,121,29.2,17.3,121,28.5,143,152,159,159,"Fledged",166,175,"Unit_2_12_2018","Control","Control"
"2_14_2018","2_14",2,14,2018,"",272106905,999999995,"04198E650B","","SY","color_challenge","Dull","Predator","Dull_Predator",54.2,7.1,55.9,21,0,5.5,45.1,16.5,222,228,191,183,238,0.38,NA,0.28,133,137,151,5,3,3,21,7,3,21.1,24.5,41.7,3,17.6,2,19,112,28.2,20,17,110,28.3,22.4,124,28.4,143,152,159,160,"Fledged",166,175,"Unit_2_14_2018","Predation","Dull"
"2_34_2018","2_34",2,34,2018,"",272107805,272107815,"04198E93C3","04198E1020","ASY","color_challenge","Dull","Control","Dull_Control",41.5,0.9,46.6,14.8,1.7,0.6,49,25.3,173,226,201,205,NA,0.43,NA,NA,133,137,151,5,4,4,32,8,4,18.8,23.7,41.5,4,15.6,4,20.5,115,28.4,20,16.8,114,28.3,18,120,29.7,143,152,159,159,"Fledged",166,175,"Unit_2_34_2018","Control","Dull"
"2_38_2018","2_38",2,38,2018,"",272107806,232173070,"04198E1000","041868F39C","SY","color_challenge","Control","Control","Control_Control",39.9,2.6,47.1,13.4,0.2,1.5,43.7,22,219,224,192,209,246,0.46,NA,NA,133,137,151,5,5,5,58,11.6,5,23,25.5,53.2,5,18.5,5,23.3,122,29.3,23.3,20,121,29.2,19,117,28.3,143,152,159,159,"Fledged",166,175,"Unit_2_38_2018","Control","Control"
"2_80_2018","2_80",2,80,2018,"",272106904,272107256,"04198E03D5","04198E747F","SY","color_challenge","Dull","Predator","Dull_Predator",49.3,1,35.4,21.3,1.9,1.3,16.3,14.4,278,303,209,215,245,0.35,NA,0.4,132,137,151,6,5,4,34,8.5,4,16.4,22.3,32.3,3,15.6,1,19,118,27.7,19.5,18,117,29.5,18,121,29.7,143,152,159,159,"Fledged",166,175,"Unit_2_80_2018","Predation","Dull"
"2_86_2018","2_86",2,86,2018,"",272106907,272106824,"04198E7C3B","04198EAC43","ASY","color_challenge","Control","Predator","Control_Predator",68,0.5,29.7,12.7,1.3,0.4,22.3,14.5,231,279,200,180,291,0.4,NA,0.72,132,137,151,6,5,5,53,10.6,5,22.9,31.1,49,5,18.4,4,22,120,28.1,20,19,120,28.3,18,125,28.8,143,152,160,159,"Fledged",166,175,"Unit_2_86_2018","Predation","Control"
"2_95_2018","2_95",2,95,2018,"",272107161,272107124,"04198E6854","04198E57B8","SY","color_challenge","Dull","Control","Dull_Control",53.3,0.2,19.8,7,0.5,10.8,15.9,6.2,248,136,239,214,327,0.28,NA,0.56,132,138,151,5,5,5,54,10.8,5,14.3,23.8,41.6,2,15.5,2,21.5,116,29.1,19,17.8,114,28.8,19.5,124,29.4,144,152,157,157,"Fledged",166,175,"Unit_2_95_2018","Control","Dull"
"4_80_2018","4_80",4,80,2018,"",272107599,263114115,"041959918C","041917C0B9","ASY","color_challenge","Control","Control","Control_Control",43.8,1,60.3,31.5,4.7,0.8,78.4,28.8,211,222,136,215,260,0.54,NA,0.55,133,137,151,5,5,5,49.5,9.9,5,22.8,25.1,54.4,5,18.8,5,23,120,28.3,21.5,18.8,121,28.3,20,118,29.4,144,152,157,158,"Fledged",166,175,"Unit_4_80_2018","Control","Control"
"2_68_2019","2_68",2,68,2019,"",278172160,263114244,"041917A905","041917ABF0","ASY","challenge_color","Control","Dull","Dull_Control",55.6,2.1,19.3,8.4,0.6,3.2,27.4,23.2,220,234,218,230,240,NA,NA,NA,129,136,151,8,7,6,71,11.8,6,20.5,25.3,50.8,6,16.4,6,20.5,114,28.5,19.5,18.3,115,28.6,18.5,128,28.2,154,159,168,159,"Fledged",166,175,"Unit_2_68_2019","Control","Dull"
"2_121_2019","2_121",2,121,2019,"",88004570,NA,"04198E0A42","","ASY","challenge_color","Control","Dull","Dull_Control",49.6,2.7,47.9,8.3,0.4,1.7,9.5,25.2,210,261,213,197,225,NA,NA,NA,132,135,151,4,1,1,8,8,1,18,25.5,46,1,15.3,1,22.5,119,28.9,23,20.5,119,27.9,NA,NA,NA,142,147,157,NA,"Fledged",166,175,"Unit_2_121_2019","Control","Dull"
"1_81_2018","1_81",1,81,2018,"",232146953,262125966,"04195974BD","04195A2012","ASY","color_challenge","Dull","Control","Dull_Control",55.9,0.5,39.2,16.8,3.2,0.5,34.2,25.2,256,246,167,175,206,0.23,NA,0.41,133,137,152,5,5,5,45,9,5,19.6,25.2,49.4,5,15.2,4,21,117,29,21,18.8,116,28.4,19.8,121,28.6,143,153,158,158,"Fledged",167,176,"Unit_1_81_2018","Control","Dull"
"1_91_2018","1_91",1,91,2018,"",272107809,272107634,"04198E3A62","04195A627D","SY","color_challenge","Control","Predator","Control_Predator",56.2,0.1,40.5,18.7,2.2,1.2,44.8,24,221,292,194,208,261,0.46,NA,0.4,133,138,152,5,5,5,46,9.2,5,19.5,24.6,46.4,5,17,4,21.5,116,28,20,17.3,118,27.9,19,117,29.2,144,153,158,158,"Fledged",167,176,"Unit_1_91_2018","Predation","Control"
"2_2_2018","2_2",2,2,2018,"",272107807,272107817,"04198EA35C","04198E700D","ASY","color_challenge","Control","Control","Control_Control",47.1,0.5,1.7,12.9,4.8,0.5,1.7,2.8,202,225,211,172,283,NA,NA,0.46,134,138,152,5,5,5,55,11,5,20,25.5,50.3,5,16.9,4,20.5,28.5,115,19,18.5,114.5,28,19.3,117,29.9,144,153,159,159,"Fledged",167,176,"Unit_2_2_2018","Control","Control"
"2_21_2018","2_21",2,21,2018,"",88004754,272107530,"04195984BC","04191792D4","ASY","color_challenge","Dull","Predator","Dull_Predator",49.2,3.4,13.6,20.1,4.7,1.9,56.2,24.9,210,239,164,202,230,NA,1.08,NA,132,137,152,6,6,6,54,9,4,15.8,24.2,41.8,1,14.8,0,21,119,28.5,20.5,18,117,29,18.8,118,27.6,143,153,159,159,"Fledged",167,176,"Unit_2_21_2018","Predation","Dull"
"2_114_2018","2_114",2,114,2018,"",272107217,NA,"419599803","","ASY","color_challenge","Dull","Predator","Dull_Predator",57,0.8,13.8,11.2,4.1,1.4,26,15.3,234,300,236,240,311,0.21,0.75,0.45,133,138,152,6,6,1,8,8,1,12,21.8,26,1,10.5,1,22,118,29.2,21,19.5,117.5,28.9,NA,NA,NA,144,153,159,NA,"Fledged",167,176,"Unit_2_114_2018","Predation","Dull"
"4_62_2018","4_62",4,62,2018,"",272107219,NA,"0419596DE6","","ASY","color_challenge","Dull","Predator","Dull_Predator",57.4,3.7,78.5,20.4,6.1,13.9,76.3,16.1,160,147,187,213,220,1.25,0.81,NA,133,138,152,6,6,2,12.5,6.3,2,21.5,25.7,45.5,2,19.1,2,22.5,119,28.6,21,18.5,119.5,28.8,NA,NA,NA,144,153,158,NA,"Fledged",167,176,"Unit_4_62_2018","Predation","Dull"
"2_20_2019","2_20",2,20,2019,"",281128402,278172166,"04198E48F8","0419AE930E","SY","challenge_color","Control","Control","Control_Control",41.2,4,16.2,13.1,4.1,1.1,21.6,20.8,187,229,225,220,227,NA,NA,NA,132,137,152,6,5,4,47,11.8,4,19.9,26.1,54.3,3,17.7,3,20.8,119,29.8,19.5,19,119,27.4,17,123,29.3,144,149,158,159,"Fledged",167,176,"Unit_2_20_2019","Control","Control"
"2_39_2019","2_39",2,39,2019,"",272107748,272107817,"0419599DAD","04198E700D","ASY","challenge_color","Control","Control","Control_Control",56.2,3.5,7,8.8,2.5,0.4,7.7,12.9,167,215,210,233,330,NA,NA,NA,132,137,152,6,5,5,66,13.2,5,19.3,24.2,55.5,5,16.3,5,23.5,120,28.2,21.5,19.5,124,29.1,21,122,28.6,144,149,158,149,"Fledged",167,176,"Unit_2_39_2019","Control","Control"
"2_80_2019","2_80",2,80,2019,"",278172150,278172164,"04198E1CC6","04198E6EB7","SY","challenge_color","Control","Dull","Dull_Control",33,0.7,34.5,6.5,2.5,1.9,27.4,16.1,217,242,231,228,236,NA,NA,NA,132,137,152,6,6,6,70,11.7,6,16.6,25.8,50,6,13.6,1,21.5,117,28.9,20,14.5,114,29.1,18,122,29,144,149,158,158,"Fledged",167,176,"Unit_2_80_2019","Control","Dull"
"2_101_2019","2_101",2,101,2019,"",278172147,278172199,"04198E595E","04198E4122","ASY","challenge_color","Predator","Dull","Dull_Predator",50.2,3.7,27.6,14,7.8,0.7,36.5,37.9,175,219,215,234,251,NA,NA,NA,131,136,152,6,5,5,52,10.4,5,18.2,24.3,50.8,5,14.8,3,22.5,115,29,21.5,16,115,28.7,19,121,28.9,143,148,158,158,"Fledged",167,176,"Unit_2_101_2019","Predation","Dull"
"2_109_2019","2_109",2,109,2019,"",278172149,272106847,"04198E8D96","04198E89C4","SY","challenge_color","Control","Dull","Dull_Control",55.4,3.4,62.9,11.1,4.5,0.6,48.5,45.7,174,199,189,192,256,NA,NA,NA,133,137,152,5,5,5,61,12.2,5,17.5,25.5,51.9,5,14.1,3,20.5,116,28.6,19.5,14.8,112,28.7,18.5,121,28.8,144,149,158,158,"Fledged",167,176,"Unit_2_109_2019","Control","Dull"
"2_120_2019","2_120",2,120,2019,"",272106913,278172165,"04198E8206","04198EA364","ASY","challenge_color","Control","Control","Control_Control",52.1,0.5,28.2,9.8,NA,0.4,17.9,31.5,199,299,216,241,297,NA,NA,NA,132,138,152,7,7,7,71,10.1,7,15.6,24.2,45.1,4,15.6,3,22,122.5,29.2,21,18.5,122,29,16,125,29.1,145,150,158,158,"Fledged",167,176,"Unit_2_120_2019","Control","Control"
"1_121_2018","1_121",1,121,2018,"",272107750,272106615,"041959A644","041917B3EC","ASY","color_challenge","Dull","Predator","Dull_Predator",33.9,0.3,21.3,9.5,0.3,0.7,15,8.4,228,258,201,220,338,0.33,0.48,0.32,134,139,153,6,6,3,12.7,4.2,2,13.3,21.7,25.5,2,15.1,2,23.5,118,28.3,21,19.5,112,27.8,NA,NA,NA,145,154,159,166,"Fledged",168,177,"Unit_1_121_2018","Predation","Dull"
"2_27_2018","2_27",2,27,2018,"",272107297,NA,"04198E6CAB","","SY","color_challenge","Dull","Predator","Dull_Predator",48.2,0.3,16.9,7.8,0.2,1.5,50.1,NA,263,275,218,214,269,0.37,NA,0.39,134,140,153,6,1,1,4,4,1,14.8,21.5,25,1,19.4,1,22.5,116,28.8,20,19,116,28.7,NA,NA,NA,146,154,152,NA,"Fledged",168,177,"Unit_2_27_2018","Predation","Dull"
"2_30_2018","2_30",2,30,2018,"",272106613,272107257,"419597161","04198E8CDF","SY","color_challenge","Control","Predator","Control_Predator",49,1.9,14.5,9.1,0.8,5.7,33.6,7.8,214,230,201,167,158,0.32,NA,NA,136,139,153,4,2,2,22,11,2,23.5,25.5,49.5,2,20.9,2,23.5,116,27.9,21.5,19.5,117,28.3,20.5,123,28.4,145,154,152,159,"Fledged",168,177,"Unit_2_30_2018","Predation","Control"
"2_116_2019","2_116",2,116,2019,"",272107217,272107690,"419599803","04198E836E","ASY","challenge_color","Control","Control","Control_Control",53.8,1.4,15,8.1,3.2,2.9,16.2,23.2,215,241,201,223,272,NA,NA,NA,134,139,153,6,5,5,58,11.6,5,16.9,24.7,44.4,5,17,5,23.5,117,29.9,23,20.8,120,29.2,22,129.5,29.6,146,151,159,159,"Fledged",168,177,"Unit_2_116_2019","Control","Control"
"2_102_2018","2_102",2,102,2018,"",272107811,272106915,"04198E1D95","04198E7952","ASY","color_challenge","Control","Control","Control_Control",62.6,0.7,11.2,6.7,2.9,3,34.3,12.7,219,230,298,248,169,0.21,0.45,0.23,136,141,154,6,5,5,40.6,8.1,5,17.7,24.5,41.8,5,17.8,4,20.5,117,28.6,18,18.5,117,28.8,19.3,122,28.2,147,155,160,160,"Fledged",169,178,"Unit_2_102_2018","Control","Control"
"2_121_2018","2_121",2,121,2018,"",272107112,262126051,"04198E7BAF","041917A152","SY","color_challenge","Control","Predator","Control_Predator",34.1,0.1,18.7,9.5,0.7,3.2,32.3,13.9,234,257,289,181,260,0.3,NA,0.52,135,140,154,6,6,6,55.4,9.2,6,15.7,23.6,33.6,5,13.7,3,23.5,117,28.4,19,19.5,116,29,17.5,119,28.2,146,156,152,152,"Fledged",169,178,"Unit_2_121_2018","Predation","Control"
"1_105_2019","1_105",1,105,2019,"",281128701,262125449,"04198E9F39","04195A5B3C","SY","challenge_color","Predator","Dull","Dull_Predator",50.9,2.1,26.7,13.2,1.4,0.9,22.4,23.5,196,217,240,207,262,NA,NA,NA,135,141,154,5,5,5,65,13,5,15.5,24.4,41.7,4,15.1,4,22.5,114,28.8,21,19.8,114,29,21,122,27.9,148,153,160,160,"Fledged",169,178,"Unit_1_105_2019","Predation","Dull"
"1_85_2018","1_85",1,85,2018,"",272106711,272107529,"0419597D7E","041917B329","ASY","color_challenge","Control","Control","Control_Control",57,0.7,15.7,6.6,4.7,0.7,12.6,7,165,232,216,170,287,0.54,NA,NA,136,140,155,5,4,4,50,12.5,4,21.3,25.9,53.8,4,15.4,2,22,116,28.2,19.3,19,116,28.5,19.5,120,28.1,146,156,161,161,"Fledged",170,179,"Unit_1_85_2018","Control","Control"
"1_81_2019","1_81",1,81,2019,"",272107809,262125966,"04198E3A62","04195A2012","ASY","challenge_color","Control","Control","Control_Control",48.1,0.5,42,11.8,2.5,2.8,28.3,34,196,256,195,236,275,NA,NA,NA,135,142,155,6,6,5,60,12,5,16.5,24.3,45.6,5,17.2,5,22,117,27.5,21.3,19,117,28.3,21.5,123,29.2,149,154,161,161,"Fledged",170,179,"Unit_1_81_2019","Control","Control"
"2_117_2018","2_117",2,117,2018,"",272106913,263114341,"04198E8206","04186ED791","ASY","color_challenge","Dull","Predator","Dull_Predator",59.2,0.2,14.2,13.4,0,2.7,15.5,11.9,213,220,242,213,252,0.37,NA,0.49,137,142,156,6,6,6,73,12.2,6,19.2,24.6,47.8,5,16.9,5,22,122,29,16,18.5,121,29,20.5,122,29.6,148,158,163,162,"Fledged",171,180,"Unit_2_117_2018","Predation","Dull"
"2_41_2019","2_41",2,41,2019,"",278172152,272106957,"04195A3213","04198E0727","SY","challenge_color","Control","Control","Control_Control",48.2,2.9,70.2,23.4,6.2,6.7,59.9,68.9,194,236,206,248,253,NA,NA,NA,139,142,156,4,4,4,51,12.8,4,18.5,24.4,43.9,4,18.3,4,22.8,116,28.6,21,19,116,28.6,19.5,121,28.5,149,154,162,163,"Fledged",171,180,"Unit_2_41_2019","Control","Control"
"2_75_2019","2_75",2,75,2019,"",278172154,278172170,"04195A30B4","04195A4C62","SY","challenge_color","Control","Dull","Dull_Control",47,1.4,57.8,15.5,3.8,3.1,47.4,50.4,147,164,204,234,220,NA,NA,NA,137,142,156,6,6,6,74,12.3,6,14.9,23.4,34,6,15.7,3,20,116,28.1,19,17,115,29,20.5,121,28.8,149,154,162,163,"Fledged",171,180,"Unit_2_75_2019","Control","Dull"
"4_93_2018","4_93",4,93,2018,"",156181156,240134830,"419597547","04198E81F6","ASY","color_challenge","Dull","Control","Dull_Control",48.1,1.4,18.6,11.3,5.1,3.7,27.2,12.8,227,297,237,188,234,NA,0.54,NA,138,143,157,6,5,5,40.3,8.1,4,21.4,25.1,44.8,4,18.4,4,23.3,116,29,18,19.5,116,29,20,124,29.1,149,158,163,163,"Fledged",172,181,"Unit_4_93_2018","Control","Dull"
"2_3_2019","2_3",2,3,2019,"",278171872,272107815,"04198E288C","04198E1020","SY","challenge_color","Control","Dull","Dull_Control",48.3,1.4,48.4,19.6,3.4,1.6,46,54.4,191,252,282,243,318,NA,NA,NA,139,143,157,5,5,5,60,12,5,18.4,24,44.6,5,16,5,20,114,26.5,18,17,114,28.5,19,121,29.1,150,155,163,163,"Fledged",172,181,"Unit_2_3_2019","Control","Dull"
"2_29_2019","2_29",2,29,2019,"",88004754,272107257,"04195984BC","04198E8CDF","ASY","challenge_color","Predator","Dull","Dull_Predator",48.7,1.1,32.2,0.5,5.6,2,43,51,208,300,254,247,264,NA,NA,NA,132,141,157,6,3,3,36,12,3,21.2,24.6,41.5,3,17.8,3,23.5,120,28.1,19.5,19,118,28.6,21.3,122,28.2,148,154,163,166,"Fledged",172,181,"Unit_2_29_2019","Predation","Dull"
"2_117_2019","2_117",2,117,2019,"",278171875,281128726,"0419SA4AF8","04195A5B0C","SY","challenge_color","Predator","Dull","Dull_Predator",29.5,0.5,38.7,8.8,0.1,0.8,35.7,24.4,219,342,213,287,352,NA,NA,NA,138,143,157,6,6,6,51,8.5,5,13.1,22.4,29.8,5,12.9,4,21.5,116.5,27.8,19,18.8,113.5,27.5,20,120,26.1,150,155,163,163,"Fledged",172,181,"Unit_2_117_2019","Predation","Dull"
"1_12_2018","1_12",1,12,2018,"",272107794,272107345,"04198E11D8","04198E071F","SY","color_challenge","Control","Control","Control_Control",50.6,1.3,20,12.5,1.5,2.6,12.9,10.6,190,215,211,260,254,0.49,NA,0.63,138,143,158,6,6,6,71,11.8,5,15.8,24.4,42.5,4,18.3,1,22,113,28.6,19.5,18.5,113,28.9,18.5,121,28.6,149,159,164,164,"Fledged",173,182,"Unit_1_12_2018","Control","Control"
"4_71_2018","4_71",4,71,2018,"",272107779,272107693,"041959724C","04198E0ACE","ASY","color_challenge","Dull","Control","Dull_Control",41.2,0.4,17.9,13,1.8,6.5,20.6,13.1,223,212,237,189,208,0.3,0.29,NA,141,143,159,5,5,5,62,12.4,5,22,25.4,52.2,5,17.3,5,23,118,29,21.5,19.5,118,28.2,18.8,128,28.6,149,160,165,165,"Fledged",174,183,"Unit_4_71_2018","Control","Dull"
"2_62_2019","2_62",2,62,2019,"",156181153,281128501,"04195A5167","041917950B","SY","challenge_color","Control","Control","Control_Control",44.5,0.2,16,5.3,1.1,5.1,34.3,29,196,305,241,246,318,NA,NA,NA,140,144,159,5,4,4,48,12,4,18.2,25.8,51.3,4,14.1,4,23.3,111,28.2,20.5,17,112,26.8,19.8,117,29.1,153,159,166,166,"Fledged",174,183,"Unit_2_62_2019","Control","Control"
"2_105_2019","2_105",2,105,2019,"",278172158,281128742,"04198E2FB0","04198E5DDD","SY","challenge_color","Predator","Dull","Dull_Predator",55.7,0.9,28.5,11.7,8.3,1.3,27.1,53.3,210,223,212,222,300,NA,NA,NA,140,145,159,6,5,5,48,9.6,5,15.3,24.3,39.8,5,16.1,5,19.5,111,28.3,18.5,17.3,113,27,19,121,28.8,152,157,166,165,"Fledged",174,183,"Unit_2_105_2019","Predation","Dull"
"2_54_2018","2_54",2,54,2018,"",272106728,NA,"04198E0D14","","SY","color_challenge","Control","Control","Control_Control",54.5,0.3,14.5,6,1.8,0.4,16.6,6.6,225,218,169,174,255,NA,0.38,NA,140,145,160,6,2,1,9.75,9.8,1,23.5,24.4,54,1,19.3,1,21.5,116,28.3,18.5,17.5,117,28.4,NA,NA,NA,151,161,166,NA,"Fledged",175,184,"Unit_2_54_2018","Control","Control"
"2_9_2019","2_9",2,9,2019,"",278171877,272106986,"04195A34D0","04198EA970","SY","challenge_color","Predator","Dull","Dull_Predator",37,0.5,15.7,11,1.6,1.3,20.8,58,218,248,258,214,253,NA,NA,NA,142,146,160,5,3,3,22,7.3,3,17.2,24.6,38.7,3,16.3,2,22.5,113,28.6,19.3,17.5,110,27.4,17,120,28.5,153,158,168,168,"Fledged",175,184,"Unit_2_9_2019","Predation","Dull"
"1_58_2019","1_58",1,58,2019,"",281128704,281128653,"04198E725D","04179377F7","SY","challenge_color","Predator","Control","Control_Predator",28.7,0.7,30.9,13.4,4,4.2,50.3,69.8,190,259,211,236,296,NA,NA,NA,143,146,161,4,4,4,48,12,3,21.7,25.5,52,3,18.5,2,23.3,118,28,20.3,17.5,120,28.3,17.5,120,28.8,153,158,168,168,"Fledged",176,185,"Unit_1_58_2019","Predation","Control"
"1_86_2019","1_86",1,86,2019,"",278172233,272107529,"04198E29B8","041917B329","SY","challenge_color","Control","Control","Control_Control",49.1,1.5,15.4,8.6,1,1.7,28,61.1,216,209,229,231,241,NA,NA,NA,143,147,161,5,4,4,45,11.3,3,15.3,24,38,3,14.6,3,20.8,117,28.5,19.5,16.8,116,28.5,19.3,121,27.8,154,159,169,169,"Fledged",176,185,"Unit_1_86_2019","Control","Control"
"2_31_2019","2_31",2,31,2019,"",272107361,278171892,"04198E18E4","04195A217C","SY","challenge_color","Control","Dull","Dull_Control",59.1,0.9,98.4,22.4,0.4,0.8,33.1,122.3,198,231,229,223,308,NA,NA,NA,142,147,161,6,4,4,36,9,4,19.9,23.5,44,4,18.4,4,20,109,28.4,20.5,17,111,28.3,17.5,119,28.5,154,159,168,168,"Fledged",176,185,"Unit_2_31_2019","Control","Dull"
"2_54_2019","2_54",2,54,2019,"",281128404,278171879,"04195A59E7","04198EA7E7","SY","challenge_color","Predator","Control","Control_Predator",48.1,0.5,32.9,14.1,NA,NA,NA,NA,195,281,NA,NA,NA,NA,NA,NA,141,146,161,6,6,6,60,10,6,16.6,23.7,48,6,14.7,6,23,120,28.4,NA,NA,NA,NA,20.5,127,29.4,148,NA,NA,158,"Fledged",176,185,"Unit_2_54_2019","Predation","Control"
"2_78_2019","2_78",2,78,2019,"",278171896,NA,"04195A6DE8","","SY","challenge_color","Control","Control","Control_Control",43.9,2,52.4,23.1,0.8,1.1,15.2,56.3,233,217,251,228,304,NA,NA,NA,131,143,161,4,3,3,29,9.7,3,18.2,25.1,45.7,3,19.4,3,20.3,120,29.3,19,19,119,28.9,NA,NA,NA,150,155,168,NA,"Fledged",176,185,"Unit_2_78_2019","Control","Control"
"2_85_2019","2_85",2,85,2019,"",281128602,278172287,"04198E930A","04198EA878","ASY","challenge_color","Control","Dull","Dull_Control",56.8,0.5,46.1,19.6,0.5,0.1,12.5,29.7,196,209,233,235,239,NA,NA,NA,142,147,161,6,5,5,50.5,10.1,5,17.3,25.1,48.6,5,17.9,5,23.5,116,27.4,21.5,18.5,116,28.5,18,121,28.9,155,159,168,168,"Fledged",176,185,"Unit_2_85_2019","Control","Dull"
"2_99_2019","2_99",2,99,2019,"",281128601,278171894,"04198E0F8D","04198E22D3","SY","challenge_color","Control","Control","Control_Control",44,0.6,66.3,6.2,0.2,0.6,37.9,84.6,185,278,219,283,266,NA,NA,NA,144,148,161,5,4,4,36,9,4,15.8,24.5,40.5,4,18.2,4,19.5,116,28.1,20,17.5,122,28.2,17.5,122,29,155,160,168,168,"Fledged",176,185,"Unit_2_99_2019","Control","Control"
"2_34_2019","2_34",2,34,2019,"",278172162,281128516,"04198E1624","04198E96B7","SY","challenge_color","Control","Dull","Dull_Control",43.6,1.6,25.3,9.1,1.8,1.5,18.8,44.4,241,413,215,203,263,NA,NA,NA,145,149,163,5,4,4,50,12.5,4,18.3,24.2,45,4,18.1,3,22,116,28.3,21,19,116,28,18.3,115,28.7,156,161,170,170,"Fledged",178,187,"Unit_2_34_2019","Control","Dull"
"2_72_2019","2_72",2,72,2019,"",281128603,278172288,"04198E8363","041917C0BD","SY","challenge_color","Predator","Control","Control_Predator",42,0.4,16.9,15.2,0.4,1.6,21.6,21.7,180,237,210,213,212,NA,NA,NA,144,148,164,5,5,5,59,11.8,5,19.4,24.9,52.4,5,17.4,5,18,117,26.9,19,18.3,114,26.9,19,125,29.4,155,160,170,173,"Fledged",179,188,"Unit_2_72_2019","Predation","Control"
"2_14_2019","2_14",2,14,2019,"",278172163,272107816,"04195A4268","04198E15CA","ASY","challenge_color","Predator","Dull","Dull_Predator",43.6,0.5,29.5,9.8,0.5,5.1,29.9,23.5,211,200,222,196,170,NA,NA,NA,147,151,165,5,3,3,40,13.3,3,23.3,26.1,52.7,3,19,3,22,116,29.4,20,19,115,29.2,17.5,120,28.2,158,163,172,172,"Fledged",180,189,"Unit_2_14_2019","Predation","Dull"
"2_82_2018","2_82",2,82,2018,"",272107596,272106974,"04198E62A1","04198E48F4","SY","color_challenge","Dull","Control","Dull_Control",60.2,2.1,24.1,10.1,4.4,3.1,23.3,12,187,197,214,249,196,0.6,0.5,NA,155,158,172,5,5,5,67,13.4,5,19.8,26.7,54.1,5,17.1,5,20.5,114,29.2,20.3,18.8,117,29.3,17.5,120,28.7,164,173,179,179,"Fledged",187,196,"Unit_2_82_2018","Control","Dull"
"1_17_2018","1_17",1,17,2018,"",272107153,156181128,"04198E04BA","04198E1028","SY","color_challenge","Control","Predator","Control_Predator",53.6,1.7,31.4,18,2.5,2.4,29.6,17.7,280,274,217,144,241,0.22,NA,0.51,136,140,154,5,5,5,50,10,4,11.9,22.2,30.3,0,NA,0,22,115.5,29.4,20,20,117,28.9,20.5,123,29.1,146,155,160,160,"Died",168,168,"Unit_1_17_2018","Predation","Control"
"1_62_2018","1_62",1,62,2018,"",272106819,NA,"04198EA5FD","","ASY","color_challenge","Dull","Predator","Dull_Predator",56,2.4,22.8,9.3,1.9,NA,NA,NA,198,249,165,NA,NA,NA,NA,NA,138,141,159,1,1,0,NA,NA,0,NA,NA,NA,0,NA,0,23,114.5,28.5,19.5,NA,NA,NA,NA,NA,NA,147,160,NA,NA,"Died",162,162,"Unit_1_62_2018","Predation","Dull"
"1_104_2018","1_104",1,104,2018,"",272107790,NA,"04198E59EB","","SY","color_challenge","Dull","Predator","Dull_Predator",35.3,0.8,21.7,9.5,NA,NA,NA,NA,213,263,NA,NA,NA,0.48,NA,NA,138,143,NA,4,0,0,NA,NA,0,NA,NA,NA,0,NA,0,21.5,119.5,28.7,NA,NA,NA,NA,NA,NA,NA,149,NA,NA,NA,"Died",147,147,"Unit_1_104_2018","Predation","Dull"
"1_123_2018","1_123",1,123,2018,"",272106696,NA,"04198E5289","","SY","color_challenge","Control","Predator","Control_Predator",42.4,2.9,25.5,14.3,2.3,0,28.7,13.5,239,193,213,209,263,0.35,0.54,0.6,140,145,160,5,5,0,NA,NA,0,NA,NA,NA,0,NA,0,21,115,28.1,17.8,18.3,116,28,NA,NA,NA,151,152,167,NA,"Died",169,169,"Unit_1_123_2018","Predation","Control"
"2_9_2018","2_9",2,9,2018,"",272107787,NA,"04198E95D3","","SY","color_challenge","Control","Predator","Control_Predator",45.5,1.8,25,7.9,1.7,NA,NA,NA,201,202,208,NA,NA,0.4,0.47,NA,138,142,159,5,5,0,NA,NA,0,NA,NA,NA,0,NA,0,21,117,27.8,18,NA,NA,NA,NA,NA,NA,148,160,NA,NA,"Died",165,165,"Unit_2_9_2018","Predation","Control"
"2_32_2018","2_32",2,32,2018,"",272107804,NA,"04198E788C","","ASY","color_challenge","Control","Predator","Control_Predator",52.6,0.7,31.8,13.4,4.5,NA,NA,NA,187,240,203,NA,NA,0.59,NA,NA,133,138,152,6,2,0,NA,NA,0,NA,NA,NA,0,NA,0,20,115.5,28.8,19,NA,NA,NA,NA,NA,NA,144,153,NA,NA,"Died",154,154,"Unit_2_32_2018","Predation","Control"
"2_45_2018","2_45",2,45,2018,"",272107810,NA,"04198E6347","","SY","color_challenge","Control","Predator","Control_Predator",64.6,0.2,20.2,13.9,1.1,NA,NA,NA,178,174,196,NA,NA,0.4,NA,NA,137,141,155,5,5,2,12.5,6.3,0,NA,NA,NA,0,NA,0,21,115,27.9,18.5,NA,NA,NA,NA,NA,NA,147,156,NA,NA,"Died",161,161,"Unit_2_45_2018","Predation","Control"
"2_49_2018","2_49",2,49,2018,"",272106906,NA,"04198E257D","","SY","color_challenge","Dull","Control","Dull_Control",53.9,1.2,24.7,9.1,NA,NA,NA,NA,207,310,NA,NA,NA,0.57,NA,NA,133,137,NA,5,0,0,NA,NA,0,NA,NA,NA,0,NA,0,20.5,115,28.8,NA,NA,NA,NA,NA,NA,NA,143,NA,NA,NA,"Died",146,146,"Unit_2_49_2018","Control","Dull"
"2_51_2018","2_51",2,51,2018,"",272107801,272107689,"04198E6369","04198E9F11","SY","color_challenge","Control","Predator","Control_Predator",49.2,5.3,39.3,11.8,0.9,5.4,43.8,29.2,223,266,290,252,172,0.22,NA,NA,132,136,150,5,3,3,21,7,0,NA,NA,NA,0,NA,0,22.5,118,28.8,22,18.5,115,28.9,20.5,116,29.5,142,151,158,156,"Died",162,162,"Unit_2_51_2018","Predation","Control"
"2_77_2018","2_77",2,77,2018,"",272107786,272107788,"04198E21F5","04198E3A57","SY","color_challenge","Control","Control","Control_Control",47.2,2.9,17.4,12.9,1.7,2.5,21.9,18,199,245,208,225,202,0.41,NA,NA,137,142,156,6,6,6,46,7.7,3,11.1,21.1,25.3,0,NA,0,22,117.5,27.8,19,18.5,118,27.5,20.5,121,29.7,148,158,162,157,"Died",168,168,"Unit_2_77_2018","Control","Control"
"2_96_2018","2_96",2,96,2018,"",272107803,NA,"04198E0C5B","","SY","color_challenge","Control","Control","Control_Control",41.2,1.2,47.2,21.1,NA,NA,NA,NA,196,218,NA,NA,NA,0.51,NA,NA,132,137,NA,6,0,0,NA,NA,0,NA,NA,NA,0,NA,0,21,115,28.3,NA,NA,NA,NA,NA,NA,NA,143,NA,NA,NA,"Died",146,146,"Unit_2_96_2018","Control","Control"
"2_105_2018","2_105",2,105,2018,"",272107016,NA,"041917BE9B","","ASY","color_challenge","Dull","Predator","Dull_Predator",55.8,0.1,31.4,16.8,0.6,8.3,54.9,18.9,244,267,217,224,255,0.43,0.26,0.48,129,135,150,7,7,0,NA,NA,0,NA,NA,NA,0,NA,0,22.5,123,28.9,23,20.5,123,29.3,NA,NA,NA,141,151,156,NA,"Died",158,158,"Unit_2_105_2018","Predation","Dull"
"1_34_2019","1_34",1,34,2019,"",278172231,NA,"04198E2948","","SY","challenge_color","Control","Control","Control_Control",40.1,0.2,45.7,15.6,NA,NA,NA,NA,199,193,NA,NA,NA,NA,NA,NA,140,144,NA,5,NA,0,NA,NA,0,NA,NA,NA,0,NA,0,20.5,112,28.4,NA,NA,NA,NA,NA,NA,NA,172,NA,NA,NA,"Died",155,155,"Unit_1_34_2019","Control","Control"
"1_47_2019","1_47",1,47,2019,"",278172224,272106628,"04195A3909","04195A3D53","SY","challenge_color","Control","Control","Control_Control",38.6,NA,30.4,14.2,1.6,1.9,40,34.5,237,216,263,174,233,NA,NA,NA,135,141,155,5,5,5,66,13.2,4,15.6,24.3,44.5,2,15.6,0,21.8,112,28.3,21,19.3,111,28.3,21.5,120,29,148,153,161,161,"Died",170,175,"Unit_1_47_2019","Control","Control"
"1_65_2019","1_65",1,65,2019,"",281128702,NA,"04198E3B94","","SY","challenge_color","Predator","Control","Control_Predator",40.9,1.2,32.2,13.7,8.3,NA,NA,NA,204,329,192,NA,NA,NA,NA,NA,141,145,160,5,4,0,NA,NA,0,NA,NA,NA,0,NA,0,21.3,114,28.7,19.5,NA,NA,NA,NA,NA,NA,152,157,NA,NA,"Died",166,166,"Unit_1_65_2019","Predation","Control"
"1_83_2019","1_83",1,83,2019,"",278172235,278171893,"04198E7978","04198E36A4","SY","challenge_color","Control","Dull","Dull_Control",42.6,8.6,44.5,11.2,13.3,5.3,50.9,51.4,193,193,209,224,217,NA,NA,NA,147,150,165,4,2,2,20,10,0,NA,NA,NA,0,NA,0,19,108,28.4,17.5,17.3,109,28.1,18.5,117,29,157,162,172,172,"Died",173,173,"Unit_1_83_2019","Control","Dull"
"1_90_2019","1_90",1,90,2019,"",212110294,272107634,"04198E5034","04195A627D","ASY","challenge_color","Predator","Control","Control_Predator",46.4,1,23.5,12,0.5,2.6,22.5,30.5,189,196,218,185,213,NA,NA,NA,138,142,156,5,5,5,52,10.4,0,NA,NA,NA,0,NA,0,21.5,114,27.7,19,17.8,113,27.7,20.5,118,29,149,154,162,163,"Died",168,168,"Unit_1_90_2019","Predation","Control"
"1_134_2019","1_134",1,134,2019,"",278172232,NA,"0419178DC3","","SY","challenge_color","Predator","Dull","Dull_Predator",46,3,37.8,19.7,3.6,NA,NA,NA,179,201,217,NA,NA,NA,NA,NA,142,147,NA,6,NA,0,NA,NA,0,NA,NA,NA,0,NA,0,22.5,116,27.9,20.8,NA,NA,NA,NA,NA,NA,154,159,NA,NA,"Died",159,159,"Unit_1_134_2019","Predation","Dull"
"2_1_2019","2_1",2,1,2019,"",278171871,NA,"04198E2CCE","","SY","challenge_color","Control","Dull","Dull_Control",53.4,0.8,32.1,14.3,3.4,8.1,36.1,31.5,130,234,211,228,293,NA,NA,NA,137,142,156,6,6,6,62,10.3,0,NA,NA,NA,0,NA,0,23,114,28.6,21,19,115,28.7,NA,NA,NA,149,154,162,NA,"Died",162,162,"Unit_2_1_2019","Control","Dull"
"2_6_2019","2_6",2,6,2019,"",278172157,278172161,"04198EA77E","04198E521A","SY","challenge_color","Predator","Control","Control_Predator",55.4,0.5,25.7,11,0.5,NA,NA,NA,213,292,251,NA,NA,NA,NA,NA,140,144,NA,5,NA,0,NA,NA,0,NA,NA,NA,0,NA,0,23,116,28.7,21,NA,NA,NA,21.5,115,28.8,151,156,NA,156,"Died",157,157,"Unit_2_6_2019","Predation","Control"
"2_8_2019","2_8",2,8,2019,"",278171869,NA,"04198EA104","","SY","challenge_color","Predator","Dull","Dull_Predator",51.8,4.8,74.7,11.3,NA,NA,NA,NA,189,232,NA,NA,NA,NA,NA,NA,137,141,NA,5,NA,0,NA,NA,0,NA,NA,NA,0,NA,0,22,109,29.2,NA,NA,NA,NA,NA,NA,NA,148,NA,NA,NA,"Died",149,149,"Unit_2_8_2019","Predation","Dull"
"2_12_2019","2_12",2,12,2019,"",278171870,278172167,"0419AE1674","04195A3014","SY","challenge_color","Predator","Dull","Dull_Predator",38.8,3,30.6,9.9,0.6,0.6,32.2,30.2,202,204,196,220,262,NA,NA,NA,137,141,155,5,5,5,59,11.8,2,11.8,22.7,32.5,0,NA,0,22,115,28.4,21.5,19.5,114,28.8,19,117,28.6,148,153,161,161,"Died",167,167,"Unit_2_12_2019","Predation","Dull"
"2_15_2019","2_15",2,15,2019,"",278172155,272107335,"04198E0F66","04198E94AC","SY","challenge_color","Predator","Control","Control_Predator",34.7,0.7,35.1,16.5,0.5,0.5,24.5,17.9,188,240,361,282,435,NA,NA,NA,139,143,158,5,4,4,52,13,0,NA,NA,NA,0,NA,0,21,115,28.4,18,18.3,116,28,19.8,118,29.2,150,155,164,165,"Died",167,167,"Unit_2_15_2019","Predation","Control"
"2_19_2019","2_19",2,19,2019,"",272107284,NA,"04198E48F1","","SY","challenge_color","Predator","Control","Control_Predator",39.8,NA,26.1,6,12.9,NA,NA,NA,NA,179,211,NA,NA,NA,NA,NA,133,137,152,5,5,0,NA,NA,0,NA,NA,NA,0,NA,0,21.5,112,28.6,20,NA,NA,NA,NA,NA,NA,144,149,NA,NA,"Died",152,152,"Unit_2_19_2019","Predation","Control"
"2_22_2019","2_22",2,22,2019,"",272106817,NA,"04198E69FD","","ASY","challenge_color","Control","Control","Control_Control",53,0.5,36.5,14.7,2.4,NA,NA,NA,167,235,235,NA,NA,NA,NA,NA,137,143,157,7,4,0,NA,NA,0,NA,NA,NA,0,NA,0,22.5,117,27.7,20,NA,NA,NA,NA,NA,NA,150,155,NA,NA,"Died",158,158,"Unit_2_22_2019","Control","Control"
"2_25_2019","2_25",2,25,2019,"",278172159,NA,"04198E91DA","","ASY","challenge_color","Control","Dull","Dull_Control",27.4,0.5,19,4.6,NA,NA,NA,NA,188,254,NA,NA,NA,NA,NA,NA,142,146,NA,5,NA,0,NA,NA,0,NA,NA,NA,0,NA,0,19.5,114,28.9,NA,NA,NA,NA,NA,NA,NA,153,NA,NA,NA,"Died",155,155,"Unit_2_25_2019","Control","Dull"
"2_32_2019","2_32",2,32,2019,"",278172151,278172169,"04198E176D","04198E4E1E","SY","challenge_color","Control","Dull","Dull_Control",40.9,0.9,54.7,6.1,5,10.8,60.1,40,169,274,284,223,260,NA,NA,NA,135,142,156,5,5,5,68,13.6,0,NA,NA,NA,0,NA,0,21.2,118,28.7,20,17.5,119,28.7,21,122,29.1,149,154,162,162,"Died",162,162,"Unit_2_32_2019","Control","Dull"
"2_36_2019","2_36",2,36,2019,"",278172145,NA,"04198EAE68","","ASY","challenge_color","Predator","Dull","Dull_Predator",43.3,0.9,51.1,9.7,1.9,NA,NA,NA,179,233,234,NA,NA,NA,NA,NA,130,134,NA,5,NA,0,NA,NA,0,NA,NA,NA,0,NA,0,22,119,29.3,21,NA,NA,NA,NA,NA,NA,141,146,NA,NA,"Died",147,147,"Unit_2_36_2019","Predation","Dull"
"2_45_2019","2_45",2,45,2019,"",278172146,NA,"04198E5939","","SY","challenge_color","Predator","Dull","Dull_Predator",38.6,2.4,38.2,11.6,NA,NA,NA,NA,206,229,NA,NA,NA,NA,NA,NA,149,153,NA,5,NA,0,NA,NA,0,NA,NA,NA,0,NA,0,22,120,28.2,NA,NA,NA,NA,NA,NA,NA,141,NA,NA,NA,"Died",162,162,"Unit_2_45_2019","Predation","Dull"
"2_48_2019","2_48",2,48,2019,"",278172146,NA,"04198E5939","","SY","challenge_color","Control","Control","Control_Control",38.6,1.1,22,10.3,NA,NA,NA,NA,206,229,NA,NA,NA,NA,NA,NA,136,141,NA,6,NA,0,NA,NA,0,NA,NA,NA,0,NA,0,22,120,28.2,NA,NA,NA,NA,NA,NA,NA,141,NA,NA,NA,"Died",153,153,"Unit_2_48_2019","Control","Control"
"2_57_2019","2_57",2,57,2019,"",272106728,278172282,"04198E0D14","04195A4E88","ASY","challenge_color","Predator","Control","Control_Predator",49.6,0.3,21.3,5.1,3.7,4.3,68,71.6,180,342,236,219,244,NA,NA,NA,142,146,160,5,5,5,43,8.6,5,14.6,24,35.8,4,14.5,1,23.5,116,28.1,20.3,18,120,28.3,19,117,27.6,153,158,168,166,"Fledged",175,184,"Unit_2_57_2019","Predation","Control"
"2_64_2019","2_64",2,64,2019,"",272107855,272107774,"04198E2886","04198E8098","SY","challenge_color","Predator","Dull","Dull_Predator",33.9,0.7,34.2,8,2.4,0.8,40.2,73.6,231,283,260,215,225,NA,NA,NA,142,147,161,6,6,6,35,5.8,0,NA,NA,NA,0,NA,0,20,114,27.6,18.5,16.5,113,28,19,118,27.6,151,156,165,168,"Died",169,169,"Unit_2_64_2019","Predation","Dull"
"2_70_2019","2_70",2,70,2019,"",272106822,NA,"04198E3561","","ASY","challenge_color","Predator","Control","Control_Predator",40,2.4,31.4,9.8,4.7,2.5,34.4,30.6,226,259,245,271,318,NA,NA,NA,140,144,NA,5,NA,0,NA,NA,0,NA,NA,NA,0,NA,0,20.5,117.5,29.1,21,19,115,29.2,NA,NA,NA,143,148,157,NA,"Died",152,152,"Unit_2_70_2019","Predation","Control"
"2_82_2019","2_82",2,82,2019,"",278171873,272106974,"04195A3E09","04198E48F4","SY","challenge_color","Control","Control","Control_Control",54.1,2.2,24.9,6.7,0.5,1.3,20,19,197,212,224,269,282,NA,NA,NA,138,143,156,6,6,6,73,12.2,2,12,21.5,28,0,NA,0,18.5,107,27.7,17,16.3,108,27.4,19,121,28.5,150,155,162,162,"Died",168,168,"Unit_2_82_2019","Control","Control"
"2_87_2019","2_87",2,87,2019,"",281128401,NA,"04198E16C0","","SY","challenge_color","Predator","Control","Control_Predator",47.5,4.2,53.7,20.7,NA,NA,NA,NA,214,277,NA,NA,NA,NA,NA,NA,132,136,NA,5,NA,0,NA,NA,0,NA,NA,NA,0,NA,0,20.3,112,28.1,NA,NA,NA,NA,NA,NA,NA,143,NA,NA,NA,"Died",144,144,"Unit_2_87_2019","Predation","Control"
"2_93_2019","2_93",2,93,2019,"",278172148,NA,"04198E04BE","","SY","challenge_color","Predator","Dull","Dull_Predator",50.8,3,35.4,9.2,NA,NA,NA,NA,218,213,NA,NA,NA,NA,NA,NA,132,136,NA,5,NA,0,NA,NA,0,NA,NA,NA,0,NA,0,21.5,119,29.1,NA,NA,NA,NA,NA,NA,NA,143,NA,NA,NA,"Died",146,146,"Unit_2_93_2019","Predation","Dull"
"2_94_2019","2_94",2,94,2019,"",281128403,281128605,"04198E3DE1","04198E31C2","SY","challenge_color","Predator","Control","Control_Predator",43.2,0.4,16.4,8.3,0.2,1.4,27.5,33.1,194,233,234,197,256,NA,NA,NA,135,140,154,6,6,6,73,12.2,4,13.8,22.1,30.9,2,12.4,0,22,112,28.4,20,19,113,28.2,20.5,121,28.9,147,152,160,160,"Died",150,150,"Unit_2_94_2019","Predation","Control"
"2_107_2019","2_107",2,107,2019,"",278171876,NA,"04195A2AF3","","SY","challenge_color","Control","Dull","Dull_Control",33.2,1.7,24.8,11.8,1,NA,NA,NA,192,222,237,NA,NA,NA,NA,NA,140,146,NA,7,NA,0,NA,NA,0,NA,NA,NA,0,NA,0,24.3,119,28.8,20,NA,NA,NA,NA,NA,NA,153,158,NA,NA,"Died",159,159,"Unit_2_107_2019","Control","Dull"
"2_111_2019","2_111",2,111,2019,"",272107739,259122557,"04195973B5","04198E4C72","ASY","challenge_color","Control","Dull","Dull_Control",37.7,5.3,50.5,6.7,1.3,0.5,15.6,9.2,202,219,216,191,251,NA,NA,NA,125,129,145,5,5,5,68,13.6,5,17.1,24.5,47.3,5,17.2,0,17,109,28.1,18.3,17.5,110,26.6,21.5,119,28.9,136,142,151,142,"Died",167,167,"Unit_2_111_2019","Control","Dull"
"2_114_2019","2_114",2,114,2019,"",281128604,NA,"no_rfid","","SY","challenge_color","Control","Dull","Dull_Control",39.4,1.4,35.2,9.7,1.2,NA,NA,NA,201,270,223,NA,NA,NA,NA,NA,149,153,NA,4,NA,0,NA,NA,0,NA,NA,NA,0,NA,0,21,118,28.4,18.8,NA,NA,NA,NA,NA,NA,160,166,NA,NA,"Died",166,166,"Unit_2_114_2019","Control","Dull"
"2_122_2019","2_122",2,122,2019,"",272107698,262126105,"04198E209B","04186ED0B4","ASY","challenge_color","Predator","Control","Control_Predator",54,6.8,33.1,9.9,0.5,5.5,24.2,35.4,204,217,NA,186,254,NA,NA,NA,137,141,156,5,5,5,64,12.8,0,NA,NA,NA,0,NA,0,22,118,28.5,19.3,18.5,111,28.6,23.5,121,29.6,148,154,162,153,"Died",168,168,"Unit_2_122_2019","Predation","Control"
"2_124_2019","2_124",2,124,2019,"",272107161,NA,"04198E6854","","ASY","challenge_color","Control","Control","Control_Control",39.6,5.5,18.5,9.3,6.1,NA,NA,NA,230,236,223,NA,NA,NA,NA,NA,149,150,NA,2,NA,0,NA,NA,0,NA,NA,NA,0,NA,0,19,117,28.3,18.5,NA,NA,NA,NA,NA,NA,157,162,NA,NA,"Died",166,166,"Unit_2_124_2019","Control","Control"
"2_127_2019","2_127",2,127,2019,"",278172153,278171880,"04195A30B9","04195A454F","SY","challenge_color","Predator","Control","Control_Predator",47,2,75.7,17,2.1,2.3,33.7,36.7,172,242,209,200,206,NA,NA,NA,134,142,155,6,5,5,60,12,5,14.9,23.8,39.4,0,NA,0,20,113,28.1,17.5,17,113,28.2,21,120,28.7,149,154,161,163,"Died",175,175,"Unit_2_127_2019","Predation","Control"
